{"theta_0": 3.034447972098987, "theta_1": 4.000919354909565, "bias": 145.30970530527566}