{"theta": 23.63670743446695, "bias": 350.1164659554492}