{"theta": 23.521697221599357, "bias": 349.821852624589}